"g","6","{""errors"":""[Yor name length must be more 6, Your name is not valid, name must contain at least one letter a, Count cannot be not less than 9]""}"
"ktrxldvkbs","36","{""errors"":""[Your name is not valid, name must contain at least one letter a]""}"
"pvlfzvz","30","{""errors"":""[Your name is not valid, name must contain at least one letter a]""}"
"uptwyklrnltito","46","{""errors"":""[Your name is not valid, name must contain at least one letter a]""}"
"cfsmztfzpy","46","{""errors"":""[Your name is not valid, name must contain at least one letter a]""}"
"nxt","28","{""errors"":""[Your name is not valid, name must contain at least one letter a, Yor name length must be more 6]""}"
"zehmuybxnpjgdop","25","{""errors"":""[Your name is not valid, name must contain at least one letter a]""}"
"rxfpc","1","{""errors"":""[Yor name length must be more 6, Your name is not valid, name must contain at least one letter a, Count cannot be not less than 9]""}"
"krpcowpbaugi","7","{""errors"":""[Count cannot be not less than 9]""}"
"xlzb","23","{""errors"":""[Your name is not valid, name must contain at least one letter a, Yor name length must be more 6]""}"
"dflekzxpzoxjvjni","11","{""errors"":""[Your name is not valid, name must contain at least one letter a]""}"
"xxrvyrhmbgdl","13","{""errors"":""[Your name is not valid, name must contain at least one letter a]""}"
"okhexlxylozzoxhpvp","20","{""errors"":""[Your name is not valid, name must contain at least one letter a]""}"
"cweyud","2","{""errors"":""[Your name is not valid, name must contain at least one letter a, Yor name length must be more 6, Count cannot be not less than 9]""}"
"vkxjtkphzewfkhzskti","20","{""errors"":""[Your name is not valid, name must contain at least one letter a]""}"
"clnfikd","34","{""errors"":""[Your name is not valid, name must contain at least one letter a]""}"
"agclo","36","{""errors"":""[Yor name length must be more 6]""}"
"kjmbpddcfthnltdpt","48","{""errors"":""[Your name is not valid, name must contain at least one letter a]""}"
"htapugigvhmvxje","9","{""errors"":""[Count cannot be not less than 9]""}"
"ku","14","{""errors"":""[Yor name length must be more 6, Your name is not valid, name must contain at least one letter a]""}"
"okh","25","{""errors"":""[Your name is not valid, name must contain at least one letter a, Yor name length must be more 6]""}"
"nllvvn","27","{""errors"":""[Yor name length must be more 6, Your name is not valid, name must contain at least one letter a]""}"
"jgiyuastjhan","2","{""errors"":""[Count cannot be not less than 9]""}"
"pusdhzxccgnwh","44","{""errors"":""[Your name is not valid, name must contain at least one letter a]""}"
"knug","16","{""errors"":""[Your name is not valid, name must contain at least one letter a, Yor name length must be more 6]""}"
"snogk","15","{""errors"":""[Yor name length must be more 6, Your name is not valid, name must contain at least one letter a]""}"
"dbydfgojj","39","{""errors"":""[Your name is not valid, name must contain at least one letter a]""}"
"ydacoomeyngayetxp","9","{""errors"":""[Count cannot be not less than 9]""}"
"cgzp","46","{""errors"":""[Your name is not valid, name must contain at least one letter a, Yor name length must be more 6]""}"
"lvtlzot","14","{""errors"":""[Your name is not valid, name must contain at least one letter a]""}"
"xsrjkylrkolotby","11","{""errors"":""[Your name is not valid, name must contain at least one letter a]""}"
"ifhjbvdlhz","16","{""errors"":""[Your name is not valid, name must contain at least one letter a]""}"
"zwedzmdwsnlrnldlrbi","1","{""errors"":""[Count cannot be not less than 9, Your name is not valid, name must contain at least one letter a]""}"
"dnjulbjsh","34","{""errors"":""[Your name is not valid, name must contain at least one letter a]""}"
"xpmzuxfadzgvnijfbi","0","{""errors"":""[Count cannot be not less than 9]""}"
"ade","38","{""errors"":""[Yor name length must be more 6]""}"
"irgcan","24","{""errors"":""[Yor name length must be more 6]""}"
"xacfmpduoebmn","8","{""errors"":""[Count cannot be not less than 9]""}"
"v","20","{""errors"":""[Your name is not valid, name must contain at least one letter a, Yor name length must be more 6]""}"
"xxlozormjpdyxf","7","{""errors"":""[Count cannot be not less than 9, Your name is not valid, name must contain at least one letter a]""}"
"unusstnpvpbwcbresy","30","{""errors"":""[Your name is not valid, name must contain at least one letter a]""}"
"resspxcij","24","{""errors"":""[Your name is not valid, name must contain at least one letter a]""}"
"nszxwryl","1","{""errors"":""[Count cannot be not less than 9, Your name is not valid, name must contain at least one letter a]""}"
"gzmolwjsbodur","33","{""errors"":""[Your name is not valid, name must contain at least one letter a]""}"
"kzjehd","32","{""errors"":""[Yor name length must be more 6, Your name is not valid, name must contain at least one letter a]""}"
"l","28","{""errors"":""[Your name is not valid, name must contain at least one letter a, Yor name length must be more 6]""}"
"ppkvyyzl","21","{""errors"":""[Your name is not valid, name must contain at least one letter a]""}"
"smdohshegafckrjxkxm","0","{""errors"":""[Count cannot be not less than 9]""}"
"bpzitfmipjlrpcmi","45","{""errors"":""[Your name is not valid, name must contain at least one letter a]""}"
"gib","5","{""errors"":""[Your name is not valid, name must contain at least one letter a, Count cannot be not less than 9, Yor name length must be more 6]""}"
"dgwo","0","{""errors"":""[Count cannot be not less than 9, Your name is not valid, name must contain at least one letter a, Yor name length must be more 6]""}"
"wcfsom","11","{""errors"":""[Your name is not valid, name must contain at least one letter a, Yor name length must be more 6]""}"
"seldvkotlnwtexhg","24","{""errors"":""[Your name is not valid, name must contain at least one letter a]""}"
"tjbpa","9","{""errors"":""[Yor name length must be more 6, Count cannot be not less than 9]""}"
"ymeclohs","41","{""errors"":""[Your name is not valid, name must contain at least one letter a]""}"
"povkf","47","{""errors"":""[Yor name length must be more 6, Your name is not valid, name must contain at least one letter a]""}"
"yxsbel","45","{""errors"":""[Yor name length must be more 6, Your name is not valid, name must contain at least one letter a]""}"
"grypst","2","{""errors"":""[Your name is not valid, name must contain at least one letter a, Count cannot be not less than 9, Yor name length must be more 6]""}"
"xfzfumtp","46","{""errors"":""[Your name is not valid, name must contain at least one letter a]""}"
"mkzkcjntcewlfne","40","{""errors"":""[Your name is not valid, name must contain at least one letter a]""}"
"pebdxelkpvddfjrpj","33","{""errors"":""[Your name is not valid, name must contain at least one letter a]""}"
"kyid","32","{""errors"":""[Yor name length must be more 6, Your name is not valid, name must contain at least one letter a]""}"
"btzkprcnjucu","16","{""errors"":""[Your name is not valid, name must contain at least one letter a]""}"
"zmdmp","46","{""errors"":""[Your name is not valid, name must contain at least one letter a, Yor name length must be more 6]""}"
"izvyoxyt","10","{""errors"":""[Your name is not valid, name must contain at least one letter a]""}"
"jjlcffkutszwde","32","{""errors"":""[Your name is not valid, name must contain at least one letter a]""}"
"sditccbyunjiwii","17","{""errors"":""[Your name is not valid, name must contain at least one letter a]""}"
"peiunniwkrkpjgyize","45","{""errors"":""[Your name is not valid, name must contain at least one letter a]""}"
"jjlcdlwiugkyddhtn","22","{""errors"":""[Your name is not valid, name must contain at least one letter a]""}"
"liayhw","45","{""errors"":""[Yor name length must be more 6]""}"
"d","30","{""errors"":""[Yor name length must be more 6, Your name is not valid, name must contain at least one letter a]""}"
"wua","36","{""errors"":""[Yor name length must be more 6]""}"
"ynskwjind","9","{""errors"":""[Count cannot be not less than 9, Your name is not valid, name must contain at least one letter a]""}"
"psbowzfchee","26","{""errors"":""[Your name is not valid, name must contain at least one letter a]""}"
"zdnm","11","{""errors"":""[Yor name length must be more 6, Your name is not valid, name must contain at least one letter a]""}"
"hyir","42","{""errors"":""[Yor name length must be more 6, Your name is not valid, name must contain at least one letter a]""}"
"wzxzkt","34","{""errors"":""[Yor name length must be more 6, Your name is not valid, name must contain at least one letter a]""}"
"x","4","{""errors"":""[Yor name length must be more 6, Count cannot be not less than 9, Your name is not valid, name must contain at least one letter a]""}"
"ijwjxidnvmt","48","{""errors"":""[Your name is not valid, name must contain at least one letter a]""}"
"o","20","{""errors"":""[Your name is not valid, name must contain at least one letter a, Yor name length must be more 6]""}"
"hioeuzome","11","{""errors"":""[Your name is not valid, name must contain at least one letter a]""}"
"dsilrpbwwvybzlr","30","{""errors"":""[Your name is not valid, name must contain at least one letter a]""}"
"hc","47","{""errors"":""[Your name is not valid, name must contain at least one letter a, Yor name length must be more 6]""}"
"ykgtmlxpncebrvtzgyz","42","{""errors"":""[Your name is not valid, name must contain at least one letter a]""}"
"ovsppwlpxddvx","32","{""errors"":""[Your name is not valid, name must contain at least one letter a]""}"
"jnmtecmxinzhvct","33","{""errors"":""[Your name is not valid, name must contain at least one letter a]""}"
"ecogdtohcvopj","7","{""errors"":""[Your name is not valid, name must contain at least one letter a, Count cannot be not less than 9]""}"
"gcny","36","{""errors"":""[Your name is not valid, name must contain at least one letter a, Yor name length must be more 6]""}"
"wmzofgfydimntgclm","34","{""errors"":""[Your name is not valid, name must contain at least one letter a]""}"
"ongn","35","{""errors"":""[Yor name length must be more 6, Your name is not valid, name must contain at least one letter a]""}"
"rlv","37","{""errors"":""[Your name is not valid, name must contain at least one letter a, Yor name length must be more 6]""}"
"oizzvmfrcz","5","{""errors"":""[Your name is not valid, name must contain at least one letter a, Count cannot be not less than 9]""}"
"x","26","{""errors"":""[Your name is not valid, name must contain at least one letter a, Yor name length must be more 6]""}"
"dympbpftwkvzfcdduo","12","{""errors"":""[Your name is not valid, name must contain at least one letter a]""}"
"kpcd","46","{""errors"":""[Your name is not valid, name must contain at least one letter a, Yor name length must be more 6]""}"
"w","43","{""errors"":""[Your name is not valid, name must contain at least one letter a, Yor name length must be more 6]""}"
"bhztpzr","34","{""errors"":""[Your name is not valid, name must contain at least one letter a]""}"
"ievbrlpjxxagt","7","{""errors"":""[Count cannot be not less than 9]""}"
"kvmycmnddbrbhb","22","{""errors"":""[Your name is not valid, name must contain at least one letter a]""}"
"ovoclzeuzeydoevaiul","8","{""errors"":""[Count cannot be not less than 9]""}"
"ycdmpmnpuccgilnhdu","2","{""errors"":""[Your name is not valid, name must contain at least one letter a, Count cannot be not less than 9]""}"
"uxwxjbx","37","{""errors"":""[Your name is not valid, name must contain at least one letter a]""}"
"fgvyuwxmihl","34","{""errors"":""[Your name is not valid, name must contain at least one letter a]""}"
"embnvytwkjh","49","{""errors"":""[Your name is not valid, name must contain at least one letter a]""}"
"mvwigfzfihnwgjuxxn","18","{""errors"":""[Your name is not valid, name must contain at least one letter a]""}"
"t","40","{""errors"":""[Yor name length must be more 6, Your name is not valid, name must contain at least one letter a]""}"
"rpjwixowk","27","{""errors"":""[Your name is not valid, name must contain at least one letter a]""}"
"uorbjvnagv","6","{""errors"":""[Count cannot be not less than 9]""}"
"mpocfhxfdobov","48","{""errors"":""[Your name is not valid, name must contain at least one letter a]""}"
"iwmumonmedtvcsckd","36","{""errors"":""[Your name is not valid, name must contain at least one letter a]""}"
"lydlghed","25","{""errors"":""[Your name is not valid, name must contain at least one letter a]""}"
"kz","35","{""errors"":""[Yor name length must be more 6, Your name is not valid, name must contain at least one letter a]""}"
"kvgst","9","{""errors"":""[Yor name length must be more 6, Your name is not valid, name must contain at least one letter a, Count cannot be not less than 9]""}"
"bzgxizmcdxizkikdd","9","{""errors"":""[Count cannot be not less than 9, Your name is not valid, name must contain at least one letter a]""}"
"tejxdserrgid","18","{""errors"":""[Your name is not valid, name must contain at least one letter a]""}"
"lrsloldodnudcs","18","{""errors"":""[Your name is not valid, name must contain at least one letter a]""}"
"xxcsjodopjexfcfew","3","{""errors"":""[Your name is not valid, name must contain at least one letter a, Count cannot be not less than 9]""}"
"uyebn","43","{""errors"":""[Your name is not valid, name must contain at least one letter a, Yor name length must be more 6]""}"
"itdhaabcpmjjodgsvv","0","{""errors"":""[Count cannot be not less than 9]""}"
"ah","21","{""errors"":""[Yor name length must be more 6]""}"
"lwnskml","23","{""errors"":""[Your name is not valid, name must contain at least one letter a]""}"
"wwhvsmwmiekyuesvs","32","{""errors"":""[Your name is not valid, name must contain at least one letter a]""}"
"jlnwcmnkbtvtwzzz","34","{""errors"":""[Your name is not valid, name must contain at least one letter a]""}"
"gdekcsphmmrwmwr","8","{""errors"":""[Your name is not valid, name must contain at least one letter a, Count cannot be not less than 9]""}"
"zkzxkvjt","30","{""errors"":""[Your name is not valid, name must contain at least one letter a]""}"
"zccbcgwfp","28","{""errors"":""[Your name is not valid, name must contain at least one letter a]""}"
"lhbd","33","{""errors"":""[Your name is not valid, name must contain at least one letter a, Yor name length must be more 6]""}"
"zvxbhiijzvtnx","42","{""errors"":""[Your name is not valid, name must contain at least one letter a]""}"
"lypgguwcjx","44","{""errors"":""[Your name is not valid, name must contain at least one letter a]""}"
"evodfcupdxbsz","40","{""errors"":""[Your name is not valid, name must contain at least one letter a]""}"
"kvytrdhzsuhskoy","27","{""errors"":""[Your name is not valid, name must contain at least one letter a]""}"
"rs","42","{""errors"":""[Your name is not valid, name must contain at least one letter a, Yor name length must be more 6]""}"
"t","19","{""errors"":""[Yor name length must be more 6, Your name is not valid, name must contain at least one letter a]""}"
"owedfbkjpc","48","{""errors"":""[Your name is not valid, name must contain at least one letter a]""}"
"vxuembiwewmhj","22","{""errors"":""[Your name is not valid, name must contain at least one letter a]""}"
"pyzckvshfhgk","1","{""errors"":""[Your name is not valid, name must contain at least one letter a, Count cannot be not less than 9]""}"
"xezlwg","15","{""errors"":""[Your name is not valid, name must contain at least one letter a, Yor name length must be more 6]""}"
"xxctbhxmmddo","15","{""errors"":""[Your name is not valid, name must contain at least one letter a]""}"
"sisybzwf","21","{""errors"":""[Your name is not valid, name must contain at least one letter a]""}"
"cozivuyofmsibik","39","{""errors"":""[Your name is not valid, name must contain at least one letter a]""}"
"pmbxxcujzvph","36","{""errors"":""[Your name is not valid, name must contain at least one letter a]""}"
"zuhxosxlxdu","19","{""errors"":""[Your name is not valid, name must contain at least one letter a]""}"
"p","26","{""errors"":""[Your name is not valid, name must contain at least one letter a, Yor name length must be more 6]""}"
"kirumfrfxhwgujc","21","{""errors"":""[Your name is not valid, name must contain at least one letter a]""}"
"slggsunmjmecszehd","35","{""errors"":""[Your name is not valid, name must contain at least one letter a]""}"
"hdl","20","{""errors"":""[Your name is not valid, name must contain at least one letter a, Yor name length must be more 6]""}"
"bfszbwkxhogvxz","5","{""errors"":""[Your name is not valid, name must contain at least one letter a, Count cannot be not less than 9]""}"
"vdrzzwi","46","{""errors"":""[Your name is not valid, name must contain at least one letter a]""}"
"yefuy","48","{""errors"":""[Yor name length must be more 6, Your name is not valid, name must contain at least one letter a]""}"
"syhfd","12","{""errors"":""[Yor name length must be more 6, Your name is not valid, name must contain at least one letter a]""}"
"lowk","27","{""errors"":""[Yor name length must be more 6, Your name is not valid, name must contain at least one letter a]""}"
"comwbfjrxkvlkxixy","2","{""errors"":""[Your name is not valid, name must contain at least one letter a, Count cannot be not less than 9]""}"
"dijkea","4","{""errors"":""[Count cannot be not less than 9, Yor name length must be more 6]""}"
"vd","40","{""errors"":""[Your name is not valid, name must contain at least one letter a, Yor name length must be more 6]""}"
"sww","23","{""errors"":""[Yor name length must be more 6, Your name is not valid, name must contain at least one letter a]""}"
"wzjnkrwo","39","{""errors"":""[Your name is not valid, name must contain at least one letter a]""}"
